{
  "season": 2026,
  "roundsScored": 6,
  "meanPositionError": 5.5385,
  "meanNdcgAt5": 0.683,
  "winnerHitRate": 0.0,
  "podiumHitRate": 0.5,
  "generatedAt": "2026-07-08T07:14:20Z",
  "finishersOnly": true,
  "walkForward": {
    "sprint": {
      "model": {
        "n_rounds": 6,
        "metrics": {
          "mean_position_error": {
            "mean": 5.703166666666667,
            "median": 5.596,
            "min": 5.0,
            "max": 6.765,
            "last": 6.765,
            "trend": 0.13585714285714287,
            "n": 6
          },
          "winnerHit": {
            "mean": 0.0,
            "median": 0.0,
            "min": 0.0,
            "max": 0.0,
            "last": 0.0,
            "trend": 0.0,
            "n": 6
          },
          "podium_hits": {
            "mean": 0.5,
            "median": 0.5,
            "min": 0.0,
            "max": 1.0,
            "last": 0.0,
            "trend": 0.08571428571428572,
            "n": 6
          },
          "within_3": {
            "mean": 6.5,
            "median": 6.5,
            "min": 4.0,
            "max": 9.0,
            "last": 4.0,
            "trend": -0.3142857142857143,
            "n": 6
          },
          "within_5": {
            "mean": 10.666666666666666,
            "median": 10.5,
            "min": 7.0,
            "max": 15.0,
            "last": 7.0,
            "trend": -0.2285714285714285,
            "n": 6
          },
          "exact_matches": {
            "mean": 1.0,
            "median": 1.0,
            "min": 0.0,
            "max": 2.0,
            "last": 1.0,
            "trend": -0.05714285714285714,
            "n": 6
          },
          "spearman_correlation": {
            "mean": 0.3168875989477686,
            "median": 0.38179874820741694,
            "min": 0.09803921568627451,
            "max": 0.4421052631578947,
            "last": 0.09803921568627451,
            "trend": -0.03094955893736734,
            "n": 6
          },
          "ndcg_at_5": {
            "mean": 0.6227553306818048,
            "median": 0.6529291084160651,
            "min": 0.4372749840818854,
            "max": 0.6954784350902521,
            "last": 0.6405390186276286,
            "trend": 0.008055065760740552,
            "n": 6
          },
          "winBrier": {
            "mean": 0.05216083333333333,
            "median": 0.0510495,
            "min": 0.040889,
            "max": 0.06468,
            "last": 0.06468,
            "trend": 0.0009835142857142858,
            "n": 6
          },
          "winLogLoss": {
            "mean": 0.25182466666666664,
            "median": 0.197241,
            "min": 0.148215,
            "max": 0.545368,
            "last": 0.545368,
            "trend": 0.039073485714285705,
            "n": 6
          },
          "podiumBrier": {
            "mean": 0.14624233333333334,
            "median": 0.133527,
            "min": 0.093592,
            "max": 0.227109,
            "last": 0.227109,
            "trend": 0.005800914285714283,
            "n": 6
          },
          "podiumLogLoss": {
            "mean": 0.5897370000000001,
            "median": 0.44584650000000003,
            "min": 0.276015,
            "max": 1.417584,
            "last": 1.417584,
            "trend": 0.12692874285714284,
            "n": 6
          }
        }
      },
      "baselines": {
        "lastRace": {
          "n_rounds": 5,
          "metrics": {
            "mean_position_error": {
              "mean": 5.252,
              "median": 5.286,
              "min": 4.2,
              "max": 6.059,
              "last": 6.059,
              "trend": 0.025200000000000156,
              "n": 5
            },
            "winnerHit": {
              "mean": 0.2,
              "median": 0.0,
              "min": 0.0,
              "max": 1.0,
              "last": 0.0,
              "trend": 0.0,
              "n": 5
            },
            "podium_hits": {
              "mean": 0.8,
              "median": 1.0,
              "min": 0.0,
              "max": 2.0,
              "last": 0.0,
              "trend": -0.1,
              "n": 5
            },
            "within_3": {
              "mean": 7.2,
              "median": 7.0,
              "min": 4.0,
              "max": 12.0,
              "last": 4.0,
              "trend": 0.1,
              "n": 5
            },
            "within_5": {
              "mean": 10.0,
              "median": 9.0,
              "min": 8.0,
              "max": 13.0,
              "last": 9.0,
              "trend": 0.5,
              "n": 5
            },
            "exact_matches": {
              "mean": 1.2,
              "median": 1.0,
              "min": 0.0,
              "max": 2.0,
              "last": 1.0,
              "trend": 0.2,
              "n": 5
            },
            "spearman_correlation": {
              "mean": 0.25682628516993844,
              "median": 0.3157894736842105,
              "min": 0.06813186813186813,
              "max": 0.39285714285714285,
              "last": 0.3333333333333333,
              "trend": 0.05662850565327345,
              "n": 5
            },
            "ndcg_at_5": {
              "mean": 0.578828574617553,
              "median": 0.6550263844535696,
              "min": 0.30482487391799956,
              "max": 0.704118166994252,
              "last": 0.6598930275769769,
              "trend": 0.017700526739241735,
              "n": 5
            }
          }
        }
      }
    },
    "feature": {
      "model": {
        "n_rounds": 6,
        "metrics": {
          "mean_position_error": {
            "mean": 5.5385,
            "median": 5.2945,
            "min": 3.842,
            "max": 7.286,
            "last": 3.842,
            "trend": -0.5099714285714285,
            "n": 6
          },
          "winnerHit": {
            "mean": 0.0,
            "median": 0.0,
            "min": 0.0,
            "max": 0.0,
            "last": 0.0,
            "trend": 0.0,
            "n": 6
          },
          "podium_hits": {
            "mean": 1.5,
            "median": 1.5,
            "min": 1.0,
            "max": 2.0,
            "last": 2.0,
            "trend": 0.2,
            "n": 6
          },
          "within_3": {
            "mean": 7.5,
            "median": 8.5,
            "min": 3.0,
            "max": 13.0,
            "last": 9.0,
            "trend": 1.1714285714285715,
            "n": 6
          },
          "within_5": {
            "mean": 10.666666666666666,
            "median": 11.5,
            "min": 6.0,
            "max": 15.0,
            "last": 15.0,
            "trend": 1.7714285714285714,
            "n": 6
          },
          "exact_matches": {
            "mean": 1.1666666666666667,
            "median": 1.0,
            "min": 0.0,
            "max": 4.0,
            "last": 1.0,
            "trend": 0.42857142857142855,
            "n": 6
          },
          "spearman_correlation": {
            "mean": 0.34770054506896614,
            "median": 0.35817953975848715,
            "min": 0.002197802197802198,
            "max": 0.6754385964912281,
            "last": 0.6754385964912281,
            "trend": 0.09431405687044785,
            "n": 6
          },
          "ndcg_at_5": {
            "mean": 0.6830269478645405,
            "median": 0.6519627437741549,
            "min": 0.569385747423224,
            "max": 0.9294493354983417,
            "last": 0.9294493354983417,
            "trend": 0.05804172559681093,
            "n": 6
          },
          "winBrier": {
            "mean": 0.056933333333333336,
            "median": 0.053124,
            "min": 0.047734,
            "max": 0.075688,
            "last": 0.047734,
            "trend": -0.0018637714285714294,
            "n": 6
          },
          "winLogLoss": {
            "mean": 0.22941133333333333,
            "median": 0.223891,