{
  "season": 2026,
  "roundsScored": 19,
  "meanPositionError": 9.8121,
  "meanNdcgAt5": 0.7111,
  "winnerHitRate": 0.2632,
  "podiumHitRate": 0.2281,
  "generatedAt": "2026-07-08T12:32:12Z",
  "finishersOnly": false,
  "scoring": "pre-race forecast vs the full official classification",
  "walkForward": {
    "race": {
      "model": {
        "n_rounds": 19,
        "metrics": {
          "mean_position_error": {
            "mean": 9.812105263157894,
            "median": 9.667,
            "min": 6.595,
            "max": 15.0,
            "last": 8.526,
            "trend": -0.06462105263157898,
            "n": 19
          },
          "winnerHit": {
            "mean": 0.2631578947368421,
            "median": 0.0,
            "min": 0.0,
            "max": 1.0,
            "last": 0.0,
            "trend": -0.024561403508771933,
            "n": 19
          },
          "podium_hits": {
            "mean": 0.6842105263157895,
            "median": 1.0,
            "min": 0.0,
            "max": 2.0,
            "last": 1.0,
            "trend": 0.010526315789473686,
            "n": 19
          },
          "within_3": {
            "mean": 9.736842105263158,
            "median": 9.0,
            "min": 6.0,
            "max": 16.0,
            "last": 9.0,
            "trend": 0.056140350877192984,
            "n": 19
          },
          "within_5": {
            "mean": 14.473684210526315,
            "median": 15.0,
            "min": 8.0,
            "max": 23.0,
            "last": 18.0,
            "trend": 0.16666666666666666,
            "n": 19
          },
          "exact_matches": {
            "mean": 2.0526315789473686,
            "median": 2.0,
            "min": 0.0,
            "max": 4.0,
            "last": 2.0,
            "trend": 0.021052631578947368,
            "n": 19
          },
          "spearman_correlation": {
            "mean": 0.3423717741534105,
            "median": 0.35344129554655873,
            "min": -0.06885553470919324,
            "max": 0.6360834518729256,
            "last": 0.4721523142575774,
            "trend": 0.004306532956624168,
            "n": 19
          },
          "ndcg_at_5": {
            "mean": 0.7111494099164977,
            "median": 0.7112614626036947,
            "min": 0.43374169273972846,
            "max": 0.9258005384337423,
            "last": 0.6376988403530915,
            "trend": -0.004624866076136361,
            "n": 19
          },
          "winBrier": {
            "mean": 0.023627473684210525,
            "median": 0.024502,
            "min": 0.009243,
            "max": 0.030175,
            "last": 0.025946,
            "trend": 1.1919298245614031e-05,
            "n": 19
          },
          "winLogLoss": {
            "mean": 0.09798042105263158,
            "median": 0.096738,
            "min": 0.037875,
            "max": 0.190496,
            "last": 0.101772,
            "trend": 0.0016263368421052635,
            "n": 19
          },
          "podiumBrier": {
            "mean": 0.07173247368421053,
            "median": 0.071003,
            "min": 0.048124,
            "max": 0.093817,
            "last": 0.055624,
            "trend": -2.5017543859648577e-06,
            "n": 19
          },
          "podiumLogLoss": {
            "mean": 0.25912615789473686,
            "median": 0.252078,
            "min": 0.182755,
            "max": 0.336778,
            "last": 0.205047,
            "trend": 0.0005759017543859653,
            "n": 19
          }
        }
      },
      "modelPostQuali": {
        "n_rounds": 19,
        "metrics": {
          "mean_position_error": {
            "mean": 8.909263157894737,
            "median": 8.973,
            "min": 4.973,
            "max": 13.475,
            "last": 7.947,
            "trend": -0.058889473684210526,
            "n": 19
          },
          "winnerHit": {
            "mean": 0.3157894736842105,
            "median": 0.0,
            "min": 0.0,
            "max": 1.0,
            "last": 0.0,
            "trend": -0.021052631578947368,
            "n": 19
          },
          "podium_hits": {
            "mean": 0.8947368421052632,
            "median": 1.0,
            "min": 0.0,
            "max": 2.0,
            "last": 1.0,
            "trend": -0.0017543859649122814,
            "n": 19
          },
          "within_3": {
            "mean": 11.210526315789474,
            "median": 11.0,
            "min": 6.0,
            "max": 20.0,
            "last": 12.0,
            "trend": 0.0017543859649122807,
            "n": 19
          },
          "within_5": {
            "mean": 16.105263157894736,
            "median": 16.0,
            "min": 9.0,
            "max": 26.0,
            "last": 19.0,
            "trend": -0.0982456140350877,
            "n": 19
          },
          "exact_matches": {
            "mean": 1.5789473684210527,
            "median": 2.0,
            "min": 0.0,
            "max": 4.0,
            "last": 0.0,
            "trend": -0.0824561403508772,
            "n": 19
          },
          "spearman_correlation": {
            "mean": 0.4322483384675128,
            "median": 0.41512565196775725,
            "min": 0.011632270168855536,
            "max": 0.7942152678994784,
            "last": 0.5461210198052303,
            "trend": 0.008468152235803071,
            "n": 19
          },
          "ndcg_at_5": {
            "mean": 0.7506961286425448,
            "median": 0.7731075644938744,
            "min": 0.4566488290493942,
            "max": 0.947530714274973,
            "last": 0.7097659372009567,
            "trend": -0.0009381275045632743,
            "n": 19
          }
        }
      },
      "baselines": {
        "lastRace": {
          "n_rounds": 18,
          "metrics": {
            "mean_position_error": {
              "mean": 10.140833333333333,
              "median": 9.618,
              "min": 6.5,
              "max": 13.75,
              "last": 9.75,
              "trend": 0.04869246646026829,
              "n": 18
            },
            "winnerHit": {
              "mean": 0.2222222222222222,
              "median": 0.0,
              "min": 0.0,
              "max": 1.0,
              "last": 0.0,
              "trend": -0.01238390092879257,
              "n": 18
            },
            "podium_hits": {
              "mean": 0.5555555555555556,
              "median": 0.5,
              "min": 0.0,
              "max": 2.0,
              "last": 1.0,
              "trend": 0.0041279669762641896,
              "n": 18
            },
            "within_3": {
              "mean": 9.444444444444445,
              "median": 9.0,
              "min": 6.0,
              "max": 20.0,
              "last": 11.0,
              "trend": 0.06398348813209495,
              "n": 18
            },
            "within_5": {
              "mean": 13.11111111111111,
              "median": 13.0,
              "min": 8.0,
              "max": 21.0,
              "last": 17.0,
              "trend": 0.02889576883384932,
              "n": 18
            },
            "exact_matches": {
              "mean": 1.5555555555555556,
              "median": 1.5,
              "min": 0.0,
              "max": 4.0,
              "last": 3.0,
              "trend": 0.0371517027863777,
              "n": 18
            },
            "spearman_correlation": {
              "mean": 0.28217140183084455,
              "median": 0.3504315239609357,
              "min": -0.05688545688545688,
              "max": 0.6563025210084034,
              "last": 0.2332046332046332,
              "trend": -0.007869996401468956,
              "n": 18
            },
            "ndcg_at_5": {
              "mean": 0.6613957720868888,
              "median": 0.6599083760208584,
              "min": 0.3243379301483717,
              "max": 0.8703971823562979,
              "last": 0.6188549776086569,