{
  "season": 2026,
  "roundsScored": 21,
  "meanPositionError": 9.6843,
  "meanNdcgAt5": 0.7114,
  "winnerHitRate": 0.2381,
  "podiumHitRate": 0.2222,
  "generatedAt": "2026-07-20T07:02:10Z",
  "finishersOnly": false,
  "scoring": "pre-race forecast vs the full official classification",
  "walkForward": {
    "race": {
      "model": {
        "n_rounds": 21,
        "metrics": {
          "mean_position_error": {
            "mean": 9.684333333333335,
            "median": 9.526,
            "min": 6.595,
            "max": 15.0,
            "last": 7.73,
            "trend": -0.08190259740259742,
            "n": 21
          },
          "winnerHit": {
            "mean": 0.23809523809523808,
            "median": 0.0,
            "min": 0.0,
            "max": 1.0,
            "last": 0.0,
            "trend": -0.02467532467532467,
            "n": 21
          },
          "podium_hits": {
            "mean": 0.6666666666666666,
            "median": 1.0,
            "min": 0.0,
            "max": 2.0,
            "last": 1.0,
            "trend": 0.0038961038961038974,
            "n": 21
          },
          "within_3": {
            "mean": 9.714285714285714,
            "median": 9.0,
            "min": 6.0,
            "max": 16.0,
            "last": 11.0,
            "trend": 0.037662337662337675,
            "n": 21
          },
          "within_5": {
            "mean": 14.380952380952381,
            "median": 14.0,
            "min": 8.0,
            "max": 23.0,
            "last": 13.0,
            "trend": 0.09870129870129872,
            "n": 21
          },
          "exact_matches": {
            "mean": 1.9523809523809523,
            "median": 2.0,
            "min": 0.0,
            "max": 4.0,
            "last": 1.0,
            "trend": -0.01038961038961039,
            "n": 21
          },
          "spearman_correlation": {
            "mean": 0.3601481731135133,
            "median": 0.4261954261954262,
            "min": -0.06885553470919324,
            "max": 0.6360834518729256,
            "last": 0.6095305832147937,
            "trend": 0.007898210386748804,
            "n": 21
          },
          "ndcg_at_5": {
            "mean": 0.7114458372674113,
            "median": 0.7112614626036948,
            "min": 0.4337416927397284,
            "max": 0.9258005384337422,
            "last": 0.77501274804586,
            "trend": -0.003267903319410014,
            "n": 21
          },
          "winBrier": {
            "mean": 0.02390371428571429,
            "median": 0.024542,
            "min": 0.009243,
            "max": 0.030175,
            "last": 0.028514,
            "trend": 8.297402597402601e-05,
            "n": 21
          },
          "winLogLoss": {
            "mean": 0.09957547619047617,
            "median": 0.097769,
            "min": 0.037875,
            "max": 0.190496,
            "last": 0.131688,
            "trend": 0.0016392012987012988,
            "n": 21
          },
          "podiumBrier": {
            "mean": 0.07134985714285716,
            "median": 0.070999,
            "min": 0.048124,
            "max": 0.093817,
            "last": 0.068917,
            "trend": -9.942337662337642e-05,
            "n": 21
          },
          "podiumLogLoss": {
            "mean": 0.2561264761904762,
            "median": 0.251715,
            "min": 0.182755,
            "max": 0.336778,
            "last": 0.237101,
            "trend": -0.0003385727272727272,
            "n": 21
          }
        }
      },
      "modelPostQuali": {
        "n_rounds": 21,
        "metrics": {
          "mean_position_error": {
            "mean": 8.873619047619048,
            "median": 8.649,
            "min": 4.973,
            "max": 13.475,
            "last": 8.649,
            "trend": -0.05268051948051951,
            "n": 21
          },
          "winnerHit": {
            "mean": 0.2857142857142857,
            "median": 0.0,
            "min": 0.0,
            "max": 1.0,
            "last": 0.0,
            "trend": -0.023376623376623377,
            "n": 21
          },
          "podium_hits": {
            "mean": 0.9047619047619048,
            "median": 1.0,
            "min": 0.0,
            "max": 2.0,
            "last": 1.0,
            "trend": 0.0012987012987012965,
            "n": 21
          },
          "within_3": {
            "mean": 11.047619047619047,
            "median": 11.0,
            "min": 6.0,
            "max": 20.0,
            "last": 8.0,
            "trend": -0.042857142857142864,
            "n": 21
          },
          "within_5": {
            "mean": 15.904761904761905,
            "median": 16.0,
            "min": 9.0,
            "max": 26.0,
            "last": 12.0,
            "trend": -0.12727272727272726,
            "n": 21
          },
          "exact_matches": {
            "mean": 1.619047619047619,
            "median": 2.0,
            "min": 0.0,
            "max": 4.0,
            "last": 2.0,
            "trend": -0.05064935064935065,
            "n": 21
          },
          "spearman_correlation": {
            "mean": 0.43884156201229374,
            "median": 0.45289418973629497,
            "min": 0.011632270168855536,
            "max": 0.7942152678994784,
            "last": 0.5220483641536273,
            "trend": 0.008003592272801884,
            "n": 21
          },
          "ndcg_at_5": {
            "mean": 0.7465619153287627,
            "median": 0.756163235841315,
            "min": 0.4566488290493942,
            "max": 0.9475307142749733,
            "last": 0.756163235841315,
            "trend": -0.0017021193333858979,
            "n": 21
          }
        }
      },
      "baselines": {
        "lastRace": {
          "n_rounds": 20,
          "metrics": {
            "mean_position_error": {
              "mean": 10.125150000000001,
              "median": 9.777999999999999,
              "min": 6.5,
              "max": 13.75,
              "last": 10.162,
              "trend": 0.031498496240601505,
              "n": 20
            },
            "winnerHit": {
              "mean": 0.2,
              "median": 0.0,
              "min": 0.0,
              "max": 1.0,
              "last": 0.0,
              "trend": -0.015037593984962409,
              "n": 20
            },
            "podium_hits": {
              "mean": 0.55,
              "median": 0.5,
              "min": 0.0,
              "max": 2.0,
              "last": 0.0,
              "trend": 0.0007518796992481189,
              "n": 20
            },
            "within_3": {
              "mean": 9.45,
              "median": 9.0,
              "min": 6.0,
              "max": 20.0,
              "last": 8.0,
              "trend": 0.04586466165413534,
              "n": 20
            },
            "within_5": {
              "mean": 13.15,
              "median": 13.0,
              "min": 8.0,
              "max": 21.0,
              "last": 13.0,
              "trend": 0.03082706766917294,
              "n": 20
            },
            "exact_matches": {
              "mean": 1.75,
              "median": 2.0,
              "min": 0.0,
              "max": 4.0,
              "last": 3.0,
              "trend": 0.07894736842105263,
              "n": 20
            },
            "spearman_correlation": {
              "mean": 0.28229233656478236,
              "median": 0.326218965537851,
              "min": -0.05688545688545688,
              "max": 0.6563025210084034,
              "last": 0.30369843527738266,
              "trend": -0.005670567395933442,
              "n": 20
            },
            "ndcg_at_5": {
              "mean": 0.653608199964963,
              "median": 0.6599083760208584,
              "min": 0.32433793014837176,
              "max": 0.8703971823562979,
              "last": 0.686100662423681,
              "trend": -0.004042717230124502,