{
  "season": 2026,
  "roundsScored": 20,
  "meanPositionError": 9.7821,
  "meanNdcgAt5": 0.7083,
  "winnerHitRate": 0.25,
  "podiumHitRate": 0.2167,
  "generatedAt": "2026-07-18T21:33:35Z",
  "finishersOnly": false,
  "scoring": "pre-race forecast vs the full official classification",
  "walkForward": {
    "race": {
      "model": {
        "n_rounds": 20,
        "metrics": {
          "mean_position_error": {
            "mean": 9.782050000000002,
            "median": 9.596499999999999,
            "min": 6.595,
            "max": 15.0,
            "last": 9.211,
            "trend": -0.06397669172932334,
            "n": 20
          },
          "winnerHit": {
            "mean": 0.25,
            "median": 0.0,
            "min": 0.0,
            "max": 1.0,
            "last": 0.0,
            "trend": -0.02481203007518797,
            "n": 20
          },
          "podium_hits": {
            "mean": 0.65,
            "median": 1.0,
            "min": 0.0,
            "max": 2.0,
            "last": 0.0,
            "trend": -0.0007518796992481203,
            "n": 20
          },
          "within_3": {
            "mean": 9.65,
            "median": 9.0,
            "min": 6.0,
            "max": 16.0,
            "last": 8.0,
            "trend": 0.023308270676691747,
            "n": 20
          },
          "within_5": {
            "mean": 14.45,
            "median": 14.5,
            "min": 8.0,
            "max": 23.0,
            "last": 14.0,
            "trend": 0.1360902255639098,
            "n": 20
          },
          "exact_matches": {
            "mean": 2.0,
            "median": 2.0,
            "min": 0.0,
            "max": 4.0,
            "last": 1.0,
            "trend": 0.0030075187969924814,
            "n": 20
          },
          "spearman_correlation": {
            "mean": 0.34767905260844933,
            "median": 0.3898183608709925,
            "min": -0.06885553470919324,
            "max": 0.6360834518729256,
            "last": 0.44851734325418535,
            "trend": 0.005207679235688928,
            "n": 20
          },
          "ndcg_at_5": {
            "mean": 0.7082674917284888,
            "median": 0.7060094386824313,
            "min": 0.4337416927397284,
            "max": 0.9258005384337422,
            "last": 0.6535110461563193,
            "trend": -0.004787576118976574,
            "n": 20
          },
          "winBrier": {
            "mean": 0.023673200000000002,
            "median": 0.024522000000000002,
            "min": 0.009243,
            "max": 0.030175,
            "last": 0.024542,
            "trend": 2.328120300751883e-05,
            "n": 20
          },
          "winLogLoss": {
            "mean": 0.09796985,
            "median": 0.09725349999999999,
            "min": 0.037875,
            "max": 0.190496,
            "last": 0.097769,
            "trend": 0.0013909827067669176,
            "n": 20
          },
          "podiumBrier": {
            "mean": 0.07147150000000002,
            "median": 0.07100100000000001,
            "min": 0.048124,
            "max": 0.093817,
            "last": 0.066513,
            "trend": -7.670827067669162e-05,
            "n": 20
          },
          "podiumLogLoss": {
            "mean": 0.25707775,
            "median": 0.2518965,
            "min": 0.182755,
            "max": 0.336778,
            "last": 0.218158,
            "trend": -9.162932330827063e-05,
            "n": 20
          }
        }
      },
      "modelPostQuali": {
        "n_rounds": 20,
        "metrics": {
          "mean_position_error": {
            "mean": 8.88485,
            "median": 8.8025,
            "min": 4.973,
            "max": 13.475,
            "last": 8.421,
            "trend": -0.05745187969924812,
            "n": 20
          },
          "winnerHit": {
            "mean": 0.3,
            "median": 0.0,
            "min": 0.0,
            "max": 1.0,
            "last": 0.0,
            "trend": -0.02255639097744361,
            "n": 20
          },
          "podium_hits": {
            "mean": 0.9,
            "median": 1.0,
            "min": 0.0,
            "max": 2.0,
            "last": 1.0,
            "trend": -6.67803323082801e-19,
            "n": 20
          },
          "within_3": {
            "mean": 11.2,
            "median": 11.0,
            "min": 6.0,
            "max": 20.0,
            "last": 11.0,
            "trend": -0.0015037593984962433,
            "n": 20
          },
          "within_5": {
            "mean": 16.1,
            "median": 16.0,
            "min": 9.0,
            "max": 26.0,
            "last": 16.0,
            "trend": -0.08571428571428572,
            "n": 20
          },
          "exact_matches": {
            "mean": 1.6,
            "median": 2.0,
            "min": 0.0,
            "max": 4.0,
            "last": 2.0,
            "trend": -0.06466165413533835,
            "n": 20
          },
          "spearman_correlation": {
            "mean": 0.43468122190522707,
            "median": 0.4340099208520261,
            "min": 0.011632270168855536,
            "max": 0.7942152678994784,
            "last": 0.4809060072217967,
            "trend": 0.007953525755749544,
            "n": 20
          },
          "ndcg_at_5": {
            "mean": 0.746081849303135,
            "median": 0.7451196265898214,
            "min": 0.4566488290493942,
            "max": 0.9475307142749733,
            "last": 0.6584105418543473,
            "trend": -0.0021224748151713406,
            "n": 20
          }
        }
      },
      "baselines": {
        "lastRace": {
          "n_rounds": 19,
          "metrics": {
            "mean_position_error": {
              "mean": 10.123210526315791,
              "median": 9.75,
              "min": 6.5,
              "max": 13.75,
              "last": 9.806,
              "trend": 0.03610175438596489,
              "n": 19
            },
            "winnerHit": {
              "mean": 0.21052631578947367,
              "median": 0.0,
              "min": 0.0,
              "max": 1.0,
              "last": 0.0,
              "trend": -0.014035087719298246,
              "n": 19
            },
            "podium_hits": {
              "mean": 0.5789473684210527,
              "median": 1.0,
              "min": 0.0,
              "max": 2.0,
              "last": 1.0,
              "trend": 0.010526315789473687,
              "n": 19
            },
            "within_3": {
              "mean": 9.526315789473685,
              "median": 9.0,
              "min": 6.0,
              "max": 20.0,
              "last": 11.0,
              "trend": 0.07894736842105263,
              "n": 19
            },
            "within_5": {
              "mean": 13.157894736842104,
              "median": 13.0,
              "min": 8.0,
              "max": 21.0,
              "last": 14.0,
              "trend": 0.03859649122807018,
              "n": 19
            },
            "exact_matches": {
              "mean": 1.6842105263157894,
              "median": 2.0,
              "min": 0.0,
              "max": 4.0,
              "last": 4.0,
              "trend": 0.07017543859649124,
              "n": 19
            },
            "spearman_correlation": {
              "mean": 0.281165699790435,
              "median": 0.3487394957983193,
              "min": -0.05688545688545688,
              "max": 0.6563025210084034,
              "last": 0.26306306306306304,
              "trend": -0.006991207553371479,
              "n": 19
            },
            "ndcg_at_5": {
              "mean": 0.6518980703618726,
              "median": 0.6399421242266353,
              "min": 0.32433793014837176,
              "max": 0.8703971823562979,
              "last": 0.4809394393115762,
              "trend": -0.005286546636175395,
              "n": 19
            }
          }
        },