{
  "season": 2026,
  "generatedAt": "2026-07-05T14:36:38Z",
  "roundsEvaluated": 8,
  "walkForward": {
    "model": {
      "n_rounds": 8,
      "metrics": {
        "mean_position_error": {
          "mean": 4.056818181818182,
          "median": 4.409090909090909,
          "min": 2.0,
          "max": 5.545454545454546,
          "last": 2.272727272727273,
          "trend": -0.22186147186147182,
          "n": 8
        },
        "median_position_error": {
          "mean": 3.25,
          "median": 3.0,
          "min": 2.0,
          "max": 5.5,
          "last": 2.0,
          "trend": -0.25,
          "n": 8
        },
        "rmse_position_error": {
          "mean": 5.377585715091804,
          "median": 5.979698942535187,
          "min": 2.4308621740219887,
          "max": 7.342281042638651,
          "last": 2.6457513110645907,
          "trend": -0.3228620199032829,
          "n": 8
        },
        "podium_hits": {
          "mean": 1.375,
          "median": 1.5,
          "min": 0.0,
          "max": 2.0,
          "last": 1.0,
          "trend": -0.011904761904761904,
          "n": 8
        },
        "within_3": {
          "mean": 13.5,
          "median": 13.5,
          "min": 8.0,
          "max": 19.0,
          "last": 19.0,
          "trend": 0.5952380952380952,
          "n": 8
        },
        "within_5": {
          "mean": 17.0,
          "median": 17.0,
          "min": 11.0,
          "max": 22.0,
          "last": 22.0,
          "trend": 0.7619047619047619,
          "n": 8
        },
        "exact_matches": {
          "mean": 2.25,
          "median": 2.0,
          "min": 1.0,
          "max": 4.0,
          "last": 3.0,
          "trend": 0.19047619047619047,
          "n": 8
        },
        "spearman_correlation": {
          "mean": 0.5966967814793902,
          "median": 0.5533596837944664,
          "min": 0.33032185206098247,
          "max": 0.9265951439864484,
          "last": 0.9130434782608695,
          "trend": 0.041313758705063056,
          "n": 8
        },
        "ndcg_at_5": {
          "mean": 0.7953327382226666,
          "median": 0.8264473333768325,
          "min": 0.4769651736270822,
          "max": 0.9734357930720486,
          "last": 0.9519954474810156,
          "trend": 0.011170009877319562,
          "n": 8
        },
        "winnerHit": {
          "mean": 0.375,
          "median": 0.0,
          "min": 0.0,
          "max": 1.0,
          "last": 1.0,
          "trend": 0.17857142857142858,
          "n": 8
        }
      }
    },
    "baselines": {
      "last_race_winner": {
        "n_rounds": 7,
        "metrics": {
          "mean_position_error": {
            "mean": 5.142857142857143,
            "median": 5.182,
            "min": 3.636,
            "max": 6.091,
            "last": 3.636,
            "trend": -0.09092857142857147,
            "n": 7
          },
          "podium_hits": {
            "mean": 1.4285714285714286,
            "median": 1.0,
            "min": 1.0,
            "max": 2.0,
            "last": 1.0,
            "trend": -0.10714285714285714,
            "n": 7
          },
          "spearman_correlation": {
            "mean": 0.3774300233927563,
            "median": 0.37210615471485037,
            "min": 0.16431394692264256,
            "max": 0.7029926595143986,
            "last": 0.7029926595143986,
            "trend": 0.013309671694764852,
            "n": 7
          },
          "winnerHit": {
            "mean": 0.5714285714285714,
            "median": 1.0,
            "min": 0.0,
            "max": 1.0,
            "last": 0.0,
            "trend": -0.07142857142857142,
            "n": 7
          }
        }
      }
    }
  }
}