{
  "season": 2026,
  "generatedAt": "2026-07-19T15:48:06Z",
  "roundsEvaluated": 10,
  "walkForward": {
    "model": {
      "n_rounds": 10,
      "metrics": {
        "mean_position_error": {
          "mean": 3.7909090909090906,
          "median": 4.363636363636363,
          "min": 1.8181818181818181,
          "max": 5.363636363636363,
          "last": 3.090909090909091,
          "trend": -0.10523415977961434,
          "n": 10
        },
        "median_position_error": {
          "mean": 2.75,
          "median": 2.5,
          "min": 2.0,
          "max": 4.0,
          "last": 2.0,
          "trend": -0.03939393939393939,
          "n": 10
        },
        "rmse_position_error": {
          "mean": 5.200669798311979,
          "median": 5.7442955917997445,
          "min": 2.2763607319179844,
          "max": 7.223698372843248,
          "last": 4.954336943068623,
          "trend": -0.11787789233473418,
          "n": 10
        },
        "podium_hits": {
          "mean": 1.5,
          "median": 1.5,
          "min": 1.0,
          "max": 2.0,
          "last": 1.0,
          "trend": -0.006060606060606061,
          "n": 10
        },
        "within_3": {
          "mean": 14.6,
          "median": 14.5,
          "min": 10.0,
          "max": 20.0,
          "last": 19.0,
          "trend": 0.509090909090909,
          "n": 10
        },
        "within_5": {
          "mean": 18.0,
          "median": 17.5,
          "min": 14.0,
          "max": 22.0,
          "last": 20.0,
          "trend": 0.2787878787878788,
          "n": 10
        },
        "exact_matches": {
          "mean": 2.5,
          "median": 2.0,
          "min": 1.0,
          "max": 5.0,
          "last": 1.0,
          "trend": -0.01818181818181818,
          "n": 10
        },
        "spearman_correlation": {
          "mean": 0.6309429700734049,
          "median": 0.5900621118012422,
          "min": 0.35177865612648224,
          "max": 0.9356295878035008,
          "last": 0.6950875211744777,
          "trend": 0.01607035915336311,
          "n": 10
        },
        "ndcg_at_5": {
          "mean": 0.8066661528154274,
          "median": 0.8500823286650211,
          "min": 0.541686948938977,
          "max": 0.9832428209814941,
          "last": 0.7205635785984842,
          "trend": -0.014785020912174283,
          "n": 10
        },
        "winnerHit": {
          "mean": 0.7,
          "median": 1.0,
          "min": 0.0,
          "max": 1.0,
          "last": 0.0,
          "trend": -0.09090909090909091,
          "n": 10
        },
        "top10_overlap": {
          "mean": 7.5,
          "median": 7.5,
          "min": 6.0,
          "max": 10.0,
          "last": 8.0,
          "trend": 0.11515151515151516,
          "n": 10
        }
      }
    },
    "baselines": {
      "grid_order": {
        "n_rounds": 10,
        "metrics": {
          "mean_position_error": {
            "mean": 3.5494,
            "median": 3.701,
            "min": 1.818,
            "max": 5.273,
            "last": 2.455,
            "trend": -0.09461818181818182,
            "n": 10
          },
          "podium_hits": {
            "mean": 1.8,
            "median": 2.0,
            "min": 1.0,
            "max": 3.0,
            "last": 2.0,
            "trend": -0.04848484848484848,
            "n": 10
          },
          "spearman_correlation": {
            "mean": 0.6511878510505513,
            "median": 0.6561264822134387,
            "min": 0.37210615471485037,
            "max": 0.9367588932806324,
            "last": 0.769621682665161,
            "trend": 0.01771698379977972,
            "n": 10
          },
          "winnerHit": {
            "mean": 0.7,
            "median": 1.0,
            "min": 0.0,
            "max": 1.0,
            "last": 1.0,
            "trend": -0.05454545454545454,
            "n": 10
          },
          "top10_overlap": {
            "mean": 7.4,
            "median": 7.0,
            "min": 6.0,
            "max": 10.0,
            "last": 9.0,
            "trend": 0.18181818181818182,
            "n": 10
          }
        }
      },
      "last_race_winner": {
        "n_rounds": 9,
        "metrics": {
          "mean_position_error": {
            "mean": 5.060555555555556,
            "median": 5.0,
            "min": 3.636,
            "max": 6.091,
            "last": 4.818,
            "trend": -0.08488333333333338,
            "n": 9
          },
          "podium_hits": {
            "mean": 1.3333333333333333,
            "median": 1.0,
            "min": 1.0,
            "max": 2.0,
            "last": 1.0,
            "trend": -0.1,
            "n": 9
          },
          "spearman_correlation": {
            "mean": 0.3875399962356484,
            "median": 0.37210615471485037,
            "min": 0.16431394692264256,
            "max": 0.7029926595143986,
            "last": 0.3404856013551666,
            "trend": 0.010144927536231882,
            "n": 9
          },
          "winnerHit": {
            "mean": 0.4444444444444444,
            "median": 0.0,
            "min": 0.0,
            "max": 1.0,
            "last": 0.0,
            "trend": -0.1,
            "n": 9
          },
          "top10_overlap": {
            "mean": 6.444444444444445,
            "median": 6.0,
            "min": 5.0,
            "max": 8.0,
            "last": 7.0,
            "trend": 0.15,
            "n": 9
          }
        }
      },
      "standings_order": {
        "n_rounds": 9,
        "metrics": {
          "mean_position_error": {
            "mean": 4.292888888888888,
            "median": 4.455,
            "min": 2.727,
            "max": 6.636,
            "last": 2.727,
            "trend": -0.21369999999999997,
            "n": 9
          },
          "podium_hits": {
            "mean": 1.5555555555555556,
            "median": 2.0,
            "min": 1.0,
            "max": 2.0,
            "last": 1.0,
            "trend": 0.03333333333333333,
            "n": 9
          },
          "spearman_correlation": {
            "mean": 0.565091912918,
            "median": 0.5573122529644269,
            "min": 0.22755505364201017,
            "max": 0.849802371541502,
            "last": 0.7142857142857143,
            "trend": 0.03320158102766799,
            "n": 9
          },
          "winnerHit": {
            "mean": 0.5555555555555556,
            "median": 1.0,
            "min": 0.0,
            "max": 1.0,
            "last": 1.0,
            "trend": -0.03333333333333333,
            "n": 9
          },
          "top10_overlap": {
            "mean": 7.0,
            "median": 7.0,
            "min": 4.0,
            "max": 9.0,
            "last": 7.0,
            "trend": 0.1,
            "n": 9
          }
        }
      }
    }
  }
}