{
  "season": 2026,
  "generatedAt": "2026-07-05T13:23:54Z",
  "roundsEvaluated": 9,
  "walkForward": {
    "model": {
      "n_rounds": 9,
      "metrics": {
        "mean_position_error": {
          "mean": 3.808080808080808,
          "median": 4.181818181818182,
          "min": 1.8181818181818181,
          "max": 5.545454545454546,
          "last": 1.8181818181818181,
          "trend": -0.30454545454545456,
          "n": 9
        },
        "median_position_error": {
          "mean": 3.111111111111111,
          "median": 3.0,
          "min": 2.0,
          "max": 5.5,
          "last": 2.0,
          "trend": -0.25833333333333336,
          "n": 9
        },
        "rmse_position_error": {
          "mean": 5.037404255896897,
          "median": 5.535012523595917,
          "min": 2.3159525823376357,
          "max": 7.342281042638651,
          "last": 2.3159525823376357,
          "trend": -0.43011228944924257,
          "n": 9
        },
        "podium_hits": {
          "mean": 1.3333333333333333,
          "median": 1.0,
          "min": 0.0,
          "max": 2.0,
          "last": 1.0,
          "trend": -0.03333333333333333,
          "n": 9
        },
        "within_3": {
          "mean": 14.222222222222221,
          "median": 15.0,
          "min": 8.0,
          "max": 20.0,
          "last": 20.0,
          "trend": 0.85,
          "n": 9
        },
        "within_5": {
          "mean": 17.444444444444443,
          "median": 18.0,
          "min": 11.0,
          "max": 22.0,
          "last": 21.0,
          "trend": 0.8,
          "n": 9
        },
        "exact_matches": {
          "mean": 2.4444444444444446,
          "median": 2.0,
          "min": 1.0,
          "max": 4.0,
          "last": 4.0,
          "trend": 0.25,
          "n": 9
        },
        "spearman_correlation": {
          "mean": 0.6341050254093733,
          "median": 0.6194240542066629,
          "min": 0.33032185206098247,
          "max": 0.9333709768492378,
          "last": 0.9333709768492378,
          "trend": 0.05136457745153398,
          "n": 9
        },
        "ndcg_at_5": {
          "mean": 0.8118952348730245,
          "median": 0.9003208629091233,
          "min": 0.4769651736270822,
          "max": 0.9734357930720486,
          "last": 0.9443952080758878,
          "trend": 0.017756504904338444,
          "n": 9
        },
        "winnerHit": {
          "mean": 0.4444444444444444,
          "median": 0.0,
          "min": 0.0,
          "max": 1.0,
          "last": 1.0,
          "trend": 0.16666666666666666,
          "n": 9
        }
      }
    },
    "baselines": {
      "last_race_winner": {
        "n_rounds": 8,
        "metrics": {
          "mean_position_error": {
            "mean": 4.5,
            "median": 5.091,
            "min": 0.0,
            "max": 6.091,
            "last": 0.0,
            "trend": -0.4891904761904763,
            "n": 8
          },
          "podium_hits": {
            "mean": 1.625,
            "median": 1.5,
            "min": 1.0,
            "max": 3.0,
            "last": 3.0,
            "trend": 0.05952380952380952,
            "n": 8
          },
          "spearman_correlation": {
            "mean": 0.45525127046866176,
            "median": 0.3997741389045737,
            "min": 0.16431394692264256,
            "max": 1.0,
            "last": 1.0,
            "trend": 0.06075394584711354,
            "n": 8
          },
          "winnerHit": {
            "mean": 0.625,
            "median": 1.0,
            "min": 0.0,
            "max": 1.0,
            "last": 1.0,
            "trend": -0.011904761904761904,
            "n": 8
          }
        }
      }
    }
  }
}