{
  "season": 2026,
  "generatedAt": "2026-07-05T17:57:56Z",
  "roundsEvaluated": 9,
  "walkForward": {
    "model": {
      "n_rounds": 9,
      "metrics": {
        "mean_position_error": {
          "mean": 4.03030303030303,
          "median": 4.181818181818182,
          "min": 2.0,
          "max": 5.545454545454546,
          "last": 3.8181818181818183,
          "trend": -0.17121212121212118,
          "n": 9
        },
        "median_position_error": {
          "mean": 3.2222222222222223,
          "median": 3.0,
          "min": 2.0,
          "max": 5.5,
          "last": 3.0,
          "trend": -0.19166666666666668,
          "n": 9
        },
        "rmse_position_error": {
          "mean": 5.354503149096269,
          "median": 5.535012523595917,
          "min": 2.4308621740219887,
          "max": 7.342281042638651,
          "last": 5.169842621131974,
          "trend": -0.23985295352962002,
          "n": 9
        },
        "podium_hits": {
          "mean": 1.5555555555555556,
          "median": 2.0,
          "min": 0.0,
          "max": 3.0,
          "last": 3.0,
          "trend": 0.1,
          "n": 9
        },
        "within_3": {
          "mean": 13.555555555555555,
          "median": 14.0,
          "min": 8.0,
          "max": 19.0,
          "last": 14.0,
          "trend": 0.45,
          "n": 9
        },
        "within_5": {
          "mean": 17.22222222222222,
          "median": 18.0,
          "min": 11.0,
          "max": 22.0,
          "last": 19.0,
          "trend": 0.6666666666666666,
          "n": 9
        },
        "exact_matches": {
          "mean": 2.2222222222222223,
          "median": 2.0,
          "min": 1.0,
          "max": 4.0,
          "last": 2.0,
          "trend": 0.11666666666666667,
          "n": 9
        },
        "spearman_correlation": {
          "mean": 0.6046176046176046,
          "median": 0.6194240542066629,
          "min": 0.33032185206098247,
          "max": 0.9265951439864484,
          "last": 0.6679841897233202,
          "trend": 0.0336721249764728,
          "n": 9
        },
        "ndcg_at_5": {
          "mean": 0.7961404249188866,
          "median": 0.8026019184886449,
          "min": 0.4769651736270822,
          "max": 0.9734357930720486,
          "last": 0.8026019184886449,
          "trend": 0.008303618931855581,
          "n": 9
        },
        "winnerHit": {
          "mean": 0.3333333333333333,
          "median": 0.0,
          "min": 0.0,
          "max": 1.0,
          "last": 0.0,
          "trend": 0.10000000000000002,
          "n": 9
        }
      }
    },
    "baselines": {
      "last_race_winner": {
        "n_rounds": 8,
        "metrics": {
          "mean_position_error": {
            "mean": 5.10225,
            "median": 5.091,
            "min": 3.636,
            "max": 6.091,
            "last": 4.818,
            "trend": -0.08769047619047626,
            "n": 8
          },
          "podium_hits": {
            "mean": 1.375,
            "median": 1.0,
            "min": 1.0,
            "max": 2.0,
            "last": 1.0,
            "trend": -0.10714285714285714,
            "n": 8
          },
          "spearman_correlation": {
            "mean": 0.3900338791643139,
            "median": 0.3997741389045737,
            "min": 0.16431394692264256,
            "max": 0.7029926595143986,
            "last": 0.4782608695652174,
            "trend": 0.017275684977548326,
            "n": 8
          },
          "winnerHit": {
            "mean": 0.5,
            "median": 0.5,
            "min": 0.0,
            "max": 1.0,
            "last": 0.0,
            "trend": -0.09523809523809523,
            "n": 8
          }
        }
      }
    }
  }
}