{
  "season": 2026,
  "generatedAt": "2026-07-19T11:52:23Z",
  "roundsEvaluated": 9,
  "walkForward": {
    "model": {
      "n_rounds": 9,
      "metrics": {
        "mean_position_error": {
          "mean": 3.868686868686868,
          "median": 4.363636363636363,
          "min": 1.8181818181818181,
          "max": 5.363636363636363,
          "last": 4.363636363636363,
          "trend": -0.08636363636363642,
          "n": 9
        },
        "median_position_error": {
          "mean": 2.8333333333333335,
          "median": 3.0,
          "min": 2.0,
          "max": 4.0,
          "last": 3.0,
          "trend": 0.00833333333333334,
          "n": 9
        },
        "rmse_position_error": {
          "mean": 5.22804011556124,
          "median": 5.799686511904211,
          "min": 2.2763607319179844,
          "max": 7.223698372843248,
          "last": 5.799686511904211,
          "trend": -0.14155436402331317,
          "n": 9
        },
        "podium_hits": {
          "mean": 1.5555555555555556,
          "median": 2.0,
          "min": 1.0,
          "max": 2.0,
          "last": 2.0,
          "trend": 0.03333333333333333,
          "n": 9
        },
        "within_3": {
          "mean": 14.11111111111111,
          "median": 14.0,
          "min": 10.0,
          "max": 20.0,
          "last": 15.0,
          "trend": 0.3333333333333333,
          "n": 9
        },
        "within_5": {
          "mean": 17.77777777777778,
          "median": 17.0,
          "min": 14.0,
          "max": 22.0,
          "last": 18.0,
          "trend": 0.21666666666666667,
          "n": 9
        },
        "exact_matches": {
          "mean": 2.6666666666666665,
          "median": 2.0,
          "min": 1.0,
          "max": 5.0,
          "last": 1.0,
          "trend": 0.1,
          "n": 9
        },
        "spearman_correlation": {
          "mean": 0.6238157977288412,
          "median": 0.5821569734613213,
          "min": 0.35177865612648224,
          "max": 0.9356295878035008,
          "last": 0.5821569734613213,
          "trend": 0.01675136457745154,
          "n": 9
        },
        "ndcg_at_5": {
          "mean": 0.8162331055061989,
          "median": 0.897782514911346,
          "min": 0.541686948938977,
          "max": 0.9832428209814941,
          "last": 0.6812640710142468,
          "trend": -0.01315418923616103,
          "n": 9
        },
        "winnerHit": {
          "mean": 0.7777777777777778,
          "median": 1.0,
          "min": 0.0,
          "max": 1.0,
          "last": 0.0,
          "trend": -0.06666666666666667,
          "n": 9
        },
        "top10_overlap": {
          "mean": 7.444444444444445,
          "median": 7.0,
          "min": 6.0,
          "max": 10.0,
          "last": 7.0,
          "trend": 0.11666666666666667,
          "n": 9
        }
      }
    },
    "baselines": {
      "grid_order": {
        "n_rounds": 9,
        "metrics": {
          "mean_position_error": {
            "mean": 3.6710000000000003,
            "median": 3.947,
            "min": 1.818,
            "max": 5.273,
            "last": 4.182,
            "trend": -0.0389,
            "n": 9
          },
          "podium_hits": {
            "mean": 1.7777777777777777,
            "median": 2.0,
            "min": 1.0,
            "max": 3.0,
            "last": 2.0,
            "trend": -0.08333333333333333,
            "n": 9
          },
          "spearman_correlation": {
            "mean": 0.6380285364267058,
            "median": 0.6013551665725578,
            "min": 0.37210615471485037,
            "max": 0.9367588932806324,
            "last": 0.6013551665725578,
            "trend": 0.014491366756812977,
            "n": 9
          },
          "winnerHit": {
            "mean": 0.6666666666666666,
            "median": 1.0,
            "min": 0.0,
            "max": 1.0,
            "last": 0.0,
            "trend": -0.1,
            "n": 9
          },
          "top10_overlap": {
            "mean": 7.222222222222222,
            "median": 7.0,
            "min": 6.0,
            "max": 10.0,
            "last": 7.0,
            "trend": 0.11666666666666665,
            "n": 9
          }
        }
      },
      "last_race_winner": {
        "n_rounds": 8,
        "metrics": {
          "mean_position_error": {
            "mean": 5.0908750000000005,
            "median": 5.091,
            "min": 3.636,
            "max": 6.091,
            "last": 4.727,
            "trend": -0.09527380952380952,
            "n": 8
          },
          "podium_hits": {
            "mean": 1.375,
            "median": 1.0,
            "min": 1.0,
            "max": 2.0,
            "last": 1.0,
            "trend": -0.10714285714285714,
            "n": 8
          },
          "spearman_correlation": {
            "mean": 0.3934217955957086,
            "median": 0.3997741389045737,
            "min": 0.16431394692264256,
            "max": 0.7029926595143986,
            "last": 0.5053642010163749,
            "trend": 0.019534295931811455,
            "n": 8
          },
          "winnerHit": {
            "mean": 0.5,
            "median": 0.5,
            "min": 0.0,
            "max": 1.0,
            "last": 0.0,
            "trend": -0.09523809523809523,
            "n": 8
          },
          "top10_overlap": {
            "mean": 6.375,
            "median": 6.0,
            "min": 5.0,
            "max": 8.0,
            "last": 7.0,
            "trend": 0.15476190476190477,
            "n": 8
          }
        }
      },
      "standings_order": {
        "n_rounds": 8,
        "metrics": {
          "mean_position_error": {
            "mean": 4.488625,
            "median": 4.5,
            "min": 2.818,
            "max": 6.636,
            "last": 4.545,
            "trend": -0.13751190476190475,
            "n": 8
          },
          "podium_hits": {
            "mean": 1.625,
            "median": 2.0,
            "min": 1.0,
            "max": 2.0,
            "last": 2.0,
            "trend": 0.10714285714285714,
            "n": 8
          },
          "spearman_correlation": {
            "mean": 0.5464426877470356,
            "median": 0.5358554488989271,
            "min": 0.22755505364201017,
            "max": 0.849802371541502,
            "last": 0.5573122529644269,
            "trend": 0.03144577989298486,
            "n": 8
          },
          "winnerHit": {
            "mean": 0.5,
            "median": 0.5,
            "min": 0.0,
            "max": 1.0,
            "last": 0.0,
            "trend": -0.09523809523809523,
            "n": 8
          },
          "top10_overlap": {
            "mean": 7.0,
            "median": 7.0,
            "min": 4.0,
            "max": 9.0,
            "last": 7.0,
            "trend": 0.14285714285714285,
            "n": 8
          }
        }
      }
    }
  }
}