{
  "season": 2026,
  "roundsScored": 11,
  "meanPositionError": 6.1065,
  "meanNdcgAt5": 0.7568,
  "winnerHitRate": 0.2727,
  "podiumHitRate": 0.4242,
  "generatedAt": "2026-07-09T10:10:55Z",
  "finishersOnly": false,
  "scoring": "pre-race forecast vs the full official classification",
  "walkForward": {
    "race": {
      "model": {
        "n_rounds": 11,
        "metrics": {
          "mean_position_error": {
            "mean": 6.106454545454546,
            "median": 6.16,
            "min": 4.48,
            "max": 9.091,
            "last": 5.2,
            "trend": 0.05864545454545454,
            "n": 11
          },
          "winnerHit": {
            "mean": 0.2727272727272727,
            "median": 0.0,
            "min": 0.0,
            "max": 1.0,
            "last": 0.0,
            "trend": -0.05454545454545454,
            "n": 11
          },
          "podium_hits": {
            "mean": 1.2727272727272727,
            "median": 1.0,
            "min": 0.0,
            "max": 2.0,
            "last": 2.0,
            "trend": -0.03636363636363636,
            "n": 11
          },
          "within_3": {
            "mean": 10.454545454545455,
            "median": 10.0,
            "min": 8.0,
            "max": 15.0,
            "last": 11.0,
            "trend": -0.1,
            "n": 11
          },
          "within_5": {
            "mean": 13.727272727272727,
            "median": 14.0,
            "min": 12.0,
            "max": 16.0,
            "last": 15.0,
            "trend": -0.045454545454545456,
            "n": 11
          },
          "exact_matches": {
            "mean": 1.6363636363636365,
            "median": 2.0,
            "min": 0.0,
            "max": 4.0,
            "last": 3.0,
            "trend": 0.01818181818181819,
            "n": 11
          },
          "spearman_correlation": {
            "mean": 0.4299846677386785,
            "median": 0.41307692307692306,
            "min": 0.27,
            "max": 0.6392307692307693,
            "last": 0.546923076923077,
            "trend": -0.00407845630305523,
            "n": 11
          },
          "ndcg_at_5": {
            "mean": 0.7568098634503378,
            "median": 0.7253329333793807,
            "min": 0.6212273542217538,
            "max": 0.9370172241273704,
            "last": 0.9370172241273704,
            "trend": 0.011731993522876896,
            "n": 11
          },
          "winBrier": {
            "mean": 0.03502809090909091,
            "median": 0.036183,
            "min": 0.01212,
            "max": 0.049092,
            "last": 0.046064,
            "trend": 0.0015783545454545456,
            "n": 11
          },
          "winLogLoss": {
            "mean": 0.1384168181818182,
            "median": 0.141755,
            "min": 0.051381,
            "max": 0.234473,
            "last": 0.183108,
            "trend": 0.009294609090909092,
            "n": 11
          },
          "podiumBrier": {
            "mean": 0.10309563636363638,
            "median": 0.105696,
            "min": 0.061385,
            "max": 0.156174,
            "last": 0.082285,
            "trend": 0.0024329090909090906,
            "n": 11
          },
          "podiumLogLoss": {
            "mean": 0.361896,
            "median": 0.371975,
            "min": 0.207922,
            "max": 0.726892,
            "last": 0.241153,
            "trend": 0.011117645454545452,
            "n": 11
          }
        }
      },
      "modelPostQuali": {
        "n_rounds": 11,
        "metrics": {
          "mean_position_error": {
            "mean": 5.498,
            "median": 5.68,
            "min": 3.12,
            "max": 7.758,
            "last": 3.52,
            "trend": 0.08070909090909092,
            "n": 11
          },
          "winnerHit": {
            "mean": 0.18181818181818182,
            "median": 0.0,
            "min": 0.0,
            "max": 1.0,
            "last": 0.0,
            "trend": -0.02727272727272727,
            "n": 11
          },
          "podium_hits": {
            "mean": 1.0909090909090908,
            "median": 1.0,
            "min": 0.0,
            "max": 2.0,
            "last": 1.0,
            "trend": -0.08181818181818182,
            "n": 11
          },
          "within_3": {
            "mean": 10.272727272727273,
            "median": 10.0,
            "min": 6.0,
            "max": 16.0,
            "last": 16.0,
            "trend": 0.02727272727272727,
            "n": 11
          },
          "within_5": {
            "mean": 15.636363636363637,
            "median": 15.0,
            "min": 11.0,
            "max": 23.0,
            "last": 20.0,
            "trend": -0.22727272727272727,
            "n": 11
          },
          "exact_matches": {
            "mean": 1.8181818181818181,
            "median": 2.0,
            "min": 0.0,
            "max": 4.0,
            "last": 4.0,
            "trend": 0.04545454545454545,
            "n": 11
          },
          "spearman_correlation": {
            "mean": 0.5292790097602932,
            "median": 0.5066844919786097,
            "min": 0.2946153846153846,
            "max": 0.8538461538461538,
            "last": 0.7615384615384615,
            "trend": -0.011883287835159496,
            "n": 11
          },
          "ndcg_at_5": {
            "mean": 0.8111174740208628,
            "median": 0.8421560713916549,
            "min": 0.6227051779125167,
            "max": 0.9461499119736949,
            "last": 0.9438875450906659,
            "trend": -0.006670152065380098,
            "n": 11
          }
        }
      },
      "baselines": {
        "lastRace": {
          "n_rounds": 10,
          "metrics": {
            "mean_position_error": {
              "mean": 7.704000000000001,
              "median": 7.48,
              "min": 5.44,
              "max": 9.44,
              "last": 8.0,
              "trend": 0.22012121212121213,
              "n": 10
            },
            "winnerHit": {
              "mean": 0.1,
              "median": 0.0,
              "min": 0.0,
              "max": 1.0,
              "last": 0.0,
              "trend": -0.01818181818181818,
              "n": 10
            },
            "podium_hits": {
              "mean": 0.5,
              "median": 0.5,
              "min": 0.0,
              "max": 1.0,
              "last": 1.0,
              "trend": -0.030303030303030304,
              "n": 10
            },
            "within_3": {
              "mean": 6.2,
              "median": 6.5,
              "min": 2.0,
              "max": 9.0,
              "last": 4.0,
              "trend": -0.42424242424242425,
              "n": 10
            },
            "within_5": {
              "mean": 10.2,
              "median": 10.0,
              "min": 7.0,
              "max": 14.0,
              "last": 8.0,
              "trend": -0.3393939393939394,
              "n": 10
            },
            "exact_matches": {
              "mean": 1.4,
              "median": 1.0,
              "min": 0.0,
              "max": 3.0,
              "last": 1.0,
              "trend": -0.08484848484848485,
              "n": 10
            },
            "spearman_correlation": {
              "mean": 0.19184615384615383,
              "median": 0.1973076923076923,
              "min": -0.11,
              "max": 0.5676923076923077,
              "last": 0.20846153846153845,
              "trend": -0.02832634032634033,
              "n": 10
            },
            "ndcg_at_5": {
              "mean": 0.6162544959854219,
              "median": 0.6127173343727238,
              "min": 0.30997771304475463,
              "max": 0.8337218234579633,
              "last": 0.8337218234579633,
              "trend": -0.014592498977261172,
              "n": 10
            }
          }
        },
        "gridOrder": {
          "n_rounds": 11,