{
  "season": 2026,
  "roundsScored": 13,
  "meanPositionError": 5.4873,
  "meanNdcgAt5": 0.6649,
  "winnerHitRate": 0.1538,
  "podiumHitRate": 0.2308,
  "generatedAt": "2026-07-08T08:12:21Z",
  "finishersOnly": true,
  "walkForward": {
    "race": {
      "model": {
        "n_rounds": 13,
        "metrics": {
          "mean_position_error": {
            "mean": 5.4873076923076916,
            "median": 5.556,
            "min": 3.765,
            "max": 7.389,
            "last": 6.556,
            "trend": 0.12062087912087914,
            "n": 13
          },
          "winnerHit": {
            "mean": 0.15384615384615385,
            "median": 0.0,
            "min": 0.0,
            "max": 1.0,
            "last": 0.0,
            "trend": -0.04395604395604396,
            "n": 13
          },
          "podium_hits": {
            "mean": 0.6923076923076923,
            "median": 0.0,
            "min": 0.0,
            "max": 2.0,
            "last": 0.0,
            "trend": -0.11538461538461539,
            "n": 13
          },
          "within_3": {
            "mean": 7.0,
            "median": 7.0,
            "min": 4.0,
            "max": 10.0,
            "last": 8.0,
            "trend": 0.027472527472527472,
            "n": 13
          },
          "within_5": {
            "mean": 9.76923076923077,
            "median": 9.0,
            "min": 6.0,
            "max": 14.0,
            "last": 9.0,
            "trend": -0.22527472527472528,
            "n": 13
          },
          "exact_matches": {
            "mean": 1.1538461538461537,
            "median": 1.0,
            "min": 0.0,
            "max": 4.0,
            "last": 2.0,
            "trend": -0.07142857142857142,
            "n": 13
          },
          "spearman_correlation": {
            "mean": 0.2753702259477444,
            "median": 0.30526315789473685,
            "min": -0.2672858617131063,
            "max": 0.6446078431372549,
            "last": -0.2672858617131063,
            "trend": -0.03289279430239863,
            "n": 13
          },
          "ndcg_at_5": {
            "mean": 0.6649179992705587,
            "median": 0.6210391692699279,
            "min": 0.29725229346111576,
            "max": 0.9645867897261228,
            "last": 0.29725229346111576,
            "trend": -0.028861393088792077,
            "n": 13
          },
          "winBrier": {
            "mean": 0.05659415384615385,
            "median": 0.058326,
            "min": 0.039276,
            "max": 0.07359,
            "last": 0.058326,
            "trend": 0.0005199230769230768,
            "n": 13
          },
          "winLogLoss": {
            "mean": 0.24516384615384615,
            "median": 0.252755,
            "min": 0.13086,
            "max": 0.407375,
            "last": 0.407375,
            "trend": 0.009298318681318682,
            "n": 13
          },
          "podiumBrier": {
            "mean": 0.14979284615384617,
            "median": 0.154897,
            "min": 0.072707,
            "max": 0.193834,
            "last": 0.188624,
            "trend": 0.003455208791208792,
            "n": 13
          },
          "podiumLogLoss": {
            "mean": 0.481797,
            "median": 0.479535,
            "min": 0.239732,
            "max": 0.780328,
            "last": 0.780328,
            "trend": 0.01727718131868132,
            "n": 13
          }
        }
      },
      "baselines": {
        "lastRace": {
          "n_rounds": 12,
          "metrics": {
            "mean_position_error": {
              "mean": 5.339833333333334,
              "median": 5.388999999999999,
              "min": 4.071,
              "max": 6.706,
              "last": 5.778,
              "trend": -0.025482517482517505,
              "n": 12
            },
            "winnerHit": {
              "mean": 0.08333333333333333,
              "median": 0.0,
              "min": 0.0,
              "max": 1.0,
              "last": 0.0,
              "trend": -0.01048951048951049,
              "n": 12
            },
            "podium_hits": {
              "mean": 0.6666666666666666,
              "median": 0.5,
              "min": 0.0,
              "max": 2.0,
              "last": 0.0,
              "trend": -0.09090909090909091,
              "n": 12
            },
            "within_3": {
              "mean": 6.75,
              "median": 6.5,
              "min": 4.0,
              "max": 11.0,
              "last": 8.0,
              "trend": 0.24825174825174826,
              "n": 12
            },
            "within_5": {
              "mean": 10.25,
              "median": 10.0,
              "min": 6.0,
              "max": 15.0,
              "last": 12.0,
              "trend": 0.1853146853146853,
              "n": 12
            },
            "exact_matches": {
              "mean": 0.6666666666666666,
              "median": 1.0,
              "min": 0.0,
              "max": 2.0,
              "last": 0.0,
              "trend": -0.055944055944055944,
              "n": 12
            },
            "spearman_correlation": {
              "mean": 0.23125909178540757,
              "median": 0.17440660474716202,
              "min": -0.10294117647058823,
              "max": 0.5818181818181818,
              "last": 0.13312693498452013,
              "trend": -0.017741934972227896,
              "n": 12
            },
            "ndcg_at_5": {
              "mean": 0.6670158865603253,
              "median": 0.6920742397979265,
              "min": 0.3412303236106029,
              "max": 0.833022432222465,
              "last": 0.5299018145746885,
              "trend": -0.0037958763695910298,
              "n": 12
            }
          }
        },
        "gridOrder": {
          "n_rounds": 13,
          "metrics": {
            "mean_position_error": {
              "mean": 5.589538461538462,
              "median": 5.846,
              "min": 3.722,
              "max": 6.8,
              "last": 6.278,
              "trend": 0.039203296703296704,
              "n": 13
            },
            "winnerHit": {
              "mean": 0.23076923076923078,
              "median": 0.0,
              "min": 0.0,
              "max": 1.0,
              "last": 0.0,
              "trend": 0.016483516483516484,
              "n": 13
            },
            "podium_hits": {
              "mean": 1.0769230769230769,
              "median": 1.0,
              "min": 0.0,
              "max": 2.0,
              "last": 0.0,
              "trend": -0.02197802197802198,
              "n": 13
            },
            "within_3": {
              "mean": 7.153846153846154,
              "median": 8.0,
              "min": 3.0,
              "max": 10.0,
              "last": 8.0,
              "trend": 0.021978021978021994,
              "n": 13
            },
            "within_5": {
              "mean": 10.076923076923077,
              "median": 10.0,
              "min": 6.0,
              "max": 14.0,
              "last": 10.0,
              "trend": -0.07142857142857142,
              "n": 13
            },
            "exact_matches": {
              "mean": 1.6153846153846154,
              "median": 1.0,
              "min": 0.0,
              "max": 5.0,
              "last": 1.0,
              "trend": 0.08241758241758242,
              "n": 13
            },
            "spearman_correlation": {
              "mean": 0.22738400561096442,
              "median": 0.2034313725490196,
              "min": -0.07120743034055728,
              "max": 0.564499484004128,
              "last": -0.05263157894736842,
              "trend": -0.011984543116530327,
              "n": 13
            },
            "ndcg_at_5": {
              "mean": 0.6707436756439594,
              "median": 0.7026795528626338,
              "min": 0.4547154278324346,
              "max": 0.9073061065753278,
              "last": 0.7281054471667243,